TeamName,QuestNumber,Text,CorrectAnswers,Hint,AudioPath,ImagePath,FileRequired,QuestTimerRequired,QuestTimerDuration,HintTimerRequired,HintTimerDuration
TEAM1,1,"–í –ü–ª–∏–∫ ‚Ññ1 —Ä–∞–∑–ø–æ–ª–∞–≥–∞—Ç–µ —Å –ø—Ä–µ–¥–º–µ—Ç–∏, –∫–æ–∏—Ç–æ —â–µ –≤–∏ –Ω–∞—Å–æ—á–∞—Ç –∫–æ—è –µ –ª–æ–∫–∞—Ü–∏—è—Ç–∞, –∫—ä–º –∫–æ—è—Ç–æ –¥–∞ –ø–æ–µ–º–µ—Ç–µ. –í –¥–æ–ø—ä–ª–Ω–µ–Ω–∏–µ –∫—ä–º —Ç—è—Ö, –∑–∞ –¥–∞ —Å–µ –æ—Ä–∏–µ–Ω—Ç–∏—Ä–∞—Ç–µ –∑–∞ –∏–º–µ—Ç–æ –Ω–∞ —Ç–∞–∑–∏ –∑–∞–±–µ–ª–µ–∂–∏—Ç–µ–ª–Ω–æ—Å—Ç, –ø–æ–ª—É—á–∞–≤–∞—Ç–µ –∏ —Ç–∞–∑–∏ –∞–Ω–∞–≥—Ä–∞–º–∞: —Ç–≤—Å–µ–∏ –≥–∞—Ä–ª–∞–Ω–µ—Ö —Ö–∞–ª–∏–º–∏.",—Ü—ä—Ä–∫–≤–∞ —Å–≤–µ—Ç–∏ –∞—Ä—Ö–∞–Ω–≥–µ–ª –º–∏—Ö–∞–∏–ª|—Å–≤–µ—Ç–∏ –∞—Ä—Ö–∞–Ω–≥–µ–ª –º–∏—Ö–∞–∏–ª|—Å–≤. –∞—Ä—Ö–∞–Ω–≥–µ–ª –º–∏—Ö–∞–∏–ª|–∞—Ä—Ö–∞–Ω–≥–µ–ª –º–∏—Ö–∞–∏–ª|—Ü—ä—Ä–∫–≤–∞ –∞—Ä—Ö–∞–Ω–≥–µ–ª –º–∏—Ö–∞–∏–ª|—Ü—ä—Ä–∫–≤–∞—Ç–∞ –∞—Ä—Ö–∞–Ω–≥–µ–ª –º–∏—Ö–∞–∏–ª|—Ü—ä—Ä–∫–∞—Ç–∞ —Å–≤–µ—Ç–∏ –∞—Ä—Ö–∞–Ω–≥–µ–ª –º–∏—Ö–∞–∏–ª,"–¶—ä—Ä–∫–≤–∞—Ç–∞ –µ —Å –∏–º–µ –Ω–∞ –≥–ª–∞–≤–Ω–∏—è –∞—Ä—Ö–∞–Ω–≥–µ–ª, –≥–ª–∞–≤–Ω–∏—è –ø–∞–∑–∏—Ç–µ–ª –Ω–∞ –Ω–µ–±–µ—Å–Ω–æ—Ç–æ —Ü–∞—Ä—Å—Ç–≤–æ –∏ –≥–ª–∞–≤–µ–Ω —Å—Ç—Ä–∞–∂ –Ω–∞ –ë–æ–∂–∏—è –∑–∞–∫–æ–Ω, –∫–æ–π—Ç–æ –ø—Ä–µ–≤–µ–∂–¥–∞ –¥—É—à–∏—Ç–µ –Ω–∞ –º—ä—Ä—Ç–≤–∏—Ç–µ –¥–æ –∞–¥–∞ –∏–ª–∏ —Ä–∞—è.",,,FALSE,,,TRUE,2m
TEAM1,2,"–ö–æ–≥–∞—Ç–æ –ø—Ä–∏—Å—Ç–∏–≥–Ω–µ—Ç–µ –≤ —Ü—ä—Ä–∫–≤–∞—Ç–∞, —Å–µ —Å–Ω–∏–º–∞–π—Ç–µ –ø—Ä–µ–¥ –≤—Ö–æ–¥–∞ –∫–∞—Ç–æ –ø—Ä–æ—Ç–µ–≥–Ω–µ—Ç–µ –¥–ª–∞–Ω –Ω–∞–ø—Ä–µ–¥ –∏ —è —Å–ª–æ–∂–∏—Ç–µ –≤—ä—Ä—Ö—É –¥–ª–∞–Ω—Ç–∞ –Ω–∞ –æ—Å—Ç–∞–Ω–∞–ª–∏—Ç–µ.",,,,,TRUE,,,,
TEAM1,3,"–õ–µ–≥–µ–Ω–¥–∞—Ç–∞ —Ä–∞–∑–∫–∞–∑–≤–∞, —á–µ —Ü—ä—Ä–∫–≤–∞—Ç–∞ –µ –ø–æ—Å—Ç—Ä–æ–µ–Ω–∞ –ø—Ä–µ–∑ XII –≤–µ–∫. –ó–∞ –¥–∞ –±–ª–∞–≥–æ–¥–∞—Ä—è—Ç –Ω–∞ –ë–æ–≥–∞ –∑–∞ –ø–æ–¥–∫—Ä–µ–ø–∞—Ç–∞ –≤ —É—Å–ø–µ—à–Ω–∞—Ç–∞ –±–∏—Ç–∫–∞ –ø—Ä–µ–∑ 1190 –≥. –≤ –¢—Ä–µ–≤–Ω–µ–Ω—Å–∫–∏—è –ø—Ä–æ—Ö–æ–¥, –±—Ä–∞—Ç—è—Ç–∞ –ê—Å–µ–Ω–µ–≤—Ü–∏ –ø–æ—Å—Ç—Ä–æ–∏–ª–∏ —Ç—Ä–∏ —Ü—ä—Ä–∫–≤–∏, –ø–æ—Å–≤–µ—Ç–µ–Ω–∏ –Ω–∞ –°–≤. –ê—Ä—Ö–∞–Ω–≥–µ–ª –ú–∏—Ö–∞–∏–ª. –ï–¥–Ω–∞—Ç–∞ –æ—Ç —Ç—è—Ö –±–∏–ª–∞ –≤ –¢—Ä—è–≤–Ω–∞. –¢—è –±–∏–ª–∞ –æ–ø–æ–∂–∞—Ä–µ–Ω–∞ –ø—Ä–∏ –≥–æ–ª—è–º–æ—Ç–æ –∫—ä—Ä–¥–∂–∞–ª–∏–π—Å–∫–æ –Ω–∞–ø–∞–¥–µ–Ω–∏–µ –Ω–∞–¥ –¢—Ä—è–≤–Ω–∞ –ø—Ä–µ–∑ 1798 –≥. –ü–æ—Å–ª–µ —Ç—Ä–µ–≤–Ω–µ–Ω—Ü–∏ —Å–µ —Å—ä–≤–∑–µ–ª–∏, —Ä–µ–º–æ–Ω—Ç–∏—Ä–∞–ª–∏ —Ü—ä—Ä–∫–≤–∞—Ç–∞ —Å–∏ –∏ –ø–æ–¥–Ω–æ–≤–∏–ª–∏ —Å–ª—É–∂–µ–Ω–∏–µ—Ç–æ. \n–í–ª–µ–∑—Ç–µ –≤ —Ü—ä—Ä–∫–≤–∞—Ç–∞ –∏ –∑–∞–ø–∞–ª–µ—Ç–µ —Å–≤–µ—â–∏—á–∫–∞—Ç–∞, —Å –∫–æ—è—Ç–æ —Ä–∞–∑–ø–æ–ª–∞–≥–∞—Ç–µ (–∏–º–∞ –ø–æ —Å–≤–µ—â –∑–∞ –≤—Å–µ–∫–∏).\nTimer-—ä—Ç –≤–µ—á–µ –æ—Ç–±—Ä–æ—è–≤–∞ 7 –º–∏–Ω—É—Ç–∫–∏ –æ—Ç –Ω–∞—á–∞–ª–æ—Ç–æ –Ω–∞ quest-–∞, –∑–∞ –¥–∞ –∏–º–∞—Ç–µ –≤—Ä–µ–º–µ –∑–∞ —Å–µ–±–µ —Å–∏ –≤ —Ü—ä—Ä–∫–≤–∞—Ç–∞. –©–µ –º–æ–∂–µ—Ç–µ –¥–∞ –ø—Ä–æ–¥—ä–ª–∂–∏—Ç–µ –Ω–∞—Ç–∞—Ç—ä–∫ —Å quest-–∞ —Å–ª–µ–¥ –∫–∞—Ç–æ –º–∏–Ω–∞—Ç 7-—Ç–µ –º–∏–Ω—É—Ç–∏. –ö–æ–≥–∞—Ç–æ –≤—Ä–µ–º–µ—Ç–æ –∏–∑—Ç–µ—á–µ —Å–µ —Å—ä–±–µ—Ä–µ—Ç–µ –≤ –¥–≤–æ—Ä–∞ –Ω–∞ –¶—ä—Ä–∫–≤–∞—Ç–∞, –Ω–∞–ø—Ä–∞–≤–µ—Ç–µ —Å–Ω–∏–º–∫–∞ –Ω–∞ —Ü–≤–µ—Ç–µ –æ—Ç –¥–≤–æ—Ä–∞ –Ω–∞ —Ü—ä—Ä–∫–≤–∞—Ç–∞ –∏ —è –∏–∑–ø—Ä–∞—Ç–µ—Ç–µ.",,,,,TRUE,TRUE,7m,,
TEAM1,4,"–†–∞–∑–ø–æ–ª–∞–≥–∞—Ç–µ —Å –∞—É–¥–∏–æ, –∫–æ–µ—Ç–æ –¥–∞ –≤–∏ –Ω–∞—Å–æ—á–∏ –∫—ä–º –∑–∞–±–µ–ª–µ–∂–∏—Ç–µ–ª–Ω–æ—Å—Ç—Ç–∞, –¥–æ –∫–æ—è—Ç–æ —Ç—Ä—è–±–≤–∞ –¥–∞ —Å—Ç–∏–≥–Ω–µ—Ç–µ. –°–ª–µ–¥ –∫–∞—Ç–æ –æ—Ç–≥–æ–≤–æ—Ä–∏—Ç–µ –Ω–∞ quest-–∞ —Å—Ç–∏–≥–Ω–µ—Ç–µ –¥–æ —Ç–∞–∑–∏ –ª–æ–∫–∞—Ü–∏—è",—á–∞—Å–æ–≤–Ω–∏–∫–æ–≤–∞ –∫—É–ª–∞|—á–∞—Å–æ–≤–Ω–∏–∫–æ–≤–∞—Ç–∞ –∫—É–ª–∞|—á–∞—Å–æ–≤–Ω–∏–∫–æ–≤–∞—Ç–∞ –∫—É–ª–∞ –≤ —Ç—Ä—è–≤–Ω–∞|—á–∞—Å–æ–≤–Ω–∏–∫–æ–≤–∞ –∫—É–ª–∞ —Ç—Ä—è–≤–Ω–∞|—á–∞—Å–æ–≤–Ω–∏–∫–æ–≤–∞—Ç–∞ –∫—É–ª–∞ —Ç—Ä—è–≤–Ω–∞,,/static/audio/clockTowerBells.mp3,,FALSE,,,,
TEAM1,5,"–ü–æ–º–æ–ª–µ—Ç–µ –º–∏–Ω—É–≤–∞—á –¥–∞ –≤–∏ —Å–Ω–∏–º–∞ –ø—Ä–µ–¥ –ß–∞—Å–æ–≤–Ω–∏–∫–æ–≤–∞—Ç–∞ –∫—É–ª–∞ –∫–∞—Ç–æ –ø–æ –Ω–∞–π-–æ—Ä–∏–≥–∏–Ω–∞–ª–µ–Ω –Ω–∞—á–∏–Ω —Å–µ –Ω–∞–ø—Ä–∞–≤–µ—Ç–µ –Ω–∞ —á–∞—Å–æ–≤–Ω–∏—Ü–∏, —á–∞—Å–æ–≤–Ω–∏–∫–æ–≤–∏ –º–µ—Ö–∞–Ω–∏–∑–º–∏, –º–∞—Ö–∞–ª–∞, —Å—Ç—Ä–µ–ª–∫–∏, —Ü–∏—Ñ–µ—Ä–±–ª–∞—Ç, —á–∏—Å–ª–∞ –∏ —Ç.–Ω. ",,,,,TRUE,,,,
TEAM1,6,"–í–µ–∫ –∏ –ø–æ–ª–æ–≤–∏–Ω–∞ —Å–ª–µ–¥ –ø–æ—Å—Ç—Ä–æ—è–≤–∞–Ω–µ—Ç–æ –Ω–∞ –∫—É–ª–∞—Ç–∞ –∫—ä–º —á–∞—Å–æ–≤–Ω–∏–∫–æ–≤–∏—è –º–µ—Ö–∞–Ω–∏–∑—ä–º –µ –¥–æ–±–∞–≤–µ–Ω –º–∞–≥–Ω–µ—Ç–æ—Ñ–æ–Ω, –±–ª–∞–≥–æ–¥–∞—Ä–µ–Ω–∏–µ –Ω–∞ –∫–æ–π—Ç–æ –≤—Å—è–∫–∞ –≤–µ—á–µ—Ä —Ç–æ—á–Ω–æ –≤ 22 —á. –∑–∞–∑–≤—É—á–∞–≤–∞ –ø–µ—Å–µ–Ω—Ç–∞ –ø–æ —Å—Ç–∏—Ö–æ—Ç–≤–æ—Ä–µ–Ω–∏–µ—Ç–æ ‚Äû–ù–µ—Ä–∞–∑–¥–µ–ª–Ω–∏‚Äú –Ω–∞ –ü–µ–Ω—á–æ –°–ª–∞–≤–µ–π–∫–æ–≤.\n–†–∞–∑–ø–æ–ª–∞–≥–∞—Ç–µ —Å –∫—Ä–∞—Ç–∫–æ –∞—É–¥–∏–æ –Ω–∞ –ø–µ—Å–µ–Ω—Ç–∞. –ö–æ–∏ —Å–∞ –æ—Å–Ω–æ–≤–Ω–∏—Ç–µ –≥–µ—Ä–æ–∏ –≤ –ø–µ—Å–µ–Ω—Ç–∞ –ø–æ —Ç–µ–∫—Å—Ç –Ω–∞ —Å—Ç–∏—Ö–æ—Ç–≤–æ—Ä–µ–Ω–∏–µ—Ç–æ ‚Äú–ù–µ—Ä–∞–∑–¥–µ–ª–Ω–∏‚Äù?","–∫–∞–ª–∏–Ω–∞ –∏ —è–≤–æ—Ä|–∫–∞–ª–∏–Ω–∞, —è–≤–æ—Ä|–∫–∞–ª–∏–Ω–∞,—è–≤–æ—Ä|—è–≤–æ—Ä –∏ –∫–∞–ª–∏–Ω–∞|—è–≤–æ—Ä, –∫–∞–ª–∏–Ω–∞|—è–≤–æ—Ä,–∫–∞–ª–∏–Ω–∞|—è–≤–æ—Ä –∫–∞–ª–∏–Ω–∞|–∫–∞–ª–∏–Ω–∞ —è–≤–æ—Ä",,/static/audio/nerazdelni.mp3,,FALSE,,,,
TEAM1,7,–†–∞–∑–±–µ—Ä–µ—Ç–µ –æ—Ç –∫–æ—è –∑–∞–±–µ–ª–µ–∂–∏—Ç–µ–ª–Ω–æ—Å—Ç –µ —Ç–∞–∑–∏ —Å–Ω–∏–º–∫–∞ (–Ω–∞–ø—Ä–∏–º–µ—Ä –ø–∏—Ç–∞–π—Ç–µ —Ö–æ—Ä–∞—Ç–∞ –æ—Ç –¢—Ä—è–≤–Ω–∞). –ö–∞–∫ —Å–µ –∫–∞–∑–≤–∞ —Ç–∞–∑–∏ –∑–∞–±–µ–ª–µ–∂–∏—Ç–µ–ª–Ω–æ—Å—Ç?,—Å—Ç–∞—Ä–æ—Ç–æ —à–∫–æ–ª–æ|—Å—Ç–∞—Ä–∞—Ç–∞ —à–∫–æ–ª–∞|—Å—Ç–∞—Ä–∞—Ç–∞ —à–∫–æ–ª–∞ —Ç—Ä—è–≤–Ω–∞|—Å—Ç–∞—Ä–æ—Ç–æ —à–∫–æ–ª–æ —Ç—Ä—è–≤–Ω–∞,"–ò–º–µ—Ç–æ –Ω–∞ —Ç–∞–∑–∏ –∑–∞–±–µ–ª–µ–∂–∏—Ç–µ–ª–Ω–æ—Å—Ç –≤ –ø—Ä–µ–≤–æ–¥ –Ω–∞ —Å—ä–≤—Ä–µ–º–µ–Ω–µ–Ω –±—ä–ª–≥–∞—Ä—Å–∫–∏ –µ–∑–∏–∫ –±–∏ –±–∏–ª–æ: ‚Äú–°—Ç–∞—Ä–æ—Ç–æ —É—á–∏–ª–∏—â–µ‚Äù, –Ω–æ –≤ –º–∏–Ω–∞–ª–æ—Ç–æ –¥—É–º–∞—Ç–∞ —É—á–∏–ª–∏—â–µ –µ –±–∏–ª–∞ –∑–∞–º–µ—Å—Ç–µ–Ω–∞ —Å –¥—Ä—É–≥–∞ –¥—É–º–∞, –∫–æ—è—Ç–æ –µ –æ–∑–Ω–∞—á–∞–≤–∞ —Å—ä—â–æ—Ç–æ.",,/static/img/sh.png,FALSE,,,TRUE,2m
TEAM1,8,"–°—Ç–∞—Ä–æ—Ç–æ —à–∫–æ–ª–æ –≤ –¢—Ä—è–≤–Ω–∞ –µ –µ–¥–Ω–æ –æ—Ç –ø—ä—Ä–≤–∏—Ç–µ –±—ä–ª–≥–∞—Ä—Å–∫–∏ —Å–≤–µ—Ç—Å–∫–∏ —É—á–∏–ª–∏—â–∞, –ø–æ—Å—Ç—Ä–æ–µ–Ω–æ –ø—Ä–µ–∑ 1839 –≥., –≤ –º—Ä–∞—á–Ω–∏—Ç–µ –≤—Ä–µ–º–µ–Ω–∞ –Ω–∞ –æ—Å–º–∞–Ω—Å–∫–æ—Ç–æ –∏–≥–æ.\n–ö–æ–≥–∞—Ç–æ –ø—Ä–∏—Å—Ç–∏–≥–Ω–µ—Ç–µ –≤ –°—Ç–∞—Ä–æ—Ç–æ —à–∫–æ–ª–æ, –Ω–∞–º–µ—Ä–µ—Ç–µ —Å—Ç–∞—è—Ç–∞ –Ω–∞ –ö–ª–∞—Å–Ω–æ—Ç–æ —É—á–∏–ª–∏—â–µ (–Ω–∞ –≤—Ç–æ—Ä–∏—è –µ—Ç–∞–∂) –∏ —Å–µ —Å–Ω–∏–º–∞–π—Ç–µ —Å–µ–¥–Ω–∞–ª–∏ –Ω–∞ –±–∞–Ω–∫–∏—Ç–µ –∫–∞—Ç–æ —É—á–µ–Ω–∏—Ü–∏, —Ö–≤–∞–Ω–∞–ª–∏ –ø–µ—Ä–∞—Ç–∞. –ù—è–∫–æ–π –æ—Ç –≤–∞—Å –º–æ–∂–µ –¥–∞ –≤–ª–µ–∑–µ –≤ —Ä–æ–ª—è—Ç–∞ –Ω–∞ —Å—Ç—Ä–æ–≥ —É—á–∏—Ç–µ–ª. –ù–∞–ø—Ä–∞–≤–µ—Ç–µ —Å–Ω–∏–º–∫–∞—Ç–∞ –º–∞–∫—Å–∏–º–∞–ª–Ω–æ –æ—Ä–∏–≥–∏–Ω–∞–ª–Ω–∞.",,,,,TRUE,,,,
TEAM1,9,"–ù–∞ —É—á–µ–Ω–∏—á–µ—Å–∫–∏—Ç–µ –±–∞–Ω–∫–∏ —â–µ –æ—Ç–∫—Ä–∏–µ—Ç–µ –ø—è—Å—ä–∫, –Ω–∞ –∫–æ–π—Ç–æ –¥–µ—Ü–∞—Ç–∞ —Å–∞ –ø–∏—à–µ–ª–∏. –ù–∞–ø–∏—à–µ—Ç–µ –Ω–µ—â–æ –≤–¥—ä—Ö–Ω–æ–≤—è–≤–∞—â–æ –∏ –≥–æ –∏–∑–ø—Ä–∞—Ç–µ—Ç–µ –∫–∞—Ç–æ —Å–Ω–∏–º–∫–∞. ",,,,,TRUE,,,,
TEAM1,10,"–í –ö–ª–∞—Å–Ω–∞—Ç–∞ —Å—Ç–∞—è –≤–ª–µ–∑—Ç–µ –≤ —Ä–æ–ª–∏—Ç–µ –Ω–∞ —É—á–∏—Ç–µ–ª –∏ —É—á–µ–Ω–∏—Ü–∏. –ù–µ–∫–∞ —á–∞—Å—Ç –æ—Ç –≤–∞—Å –∑–∞—Å—Ç–∞–Ω–∞—Ç –æ—Ç –ª—è–≤–æ –Ω–∞ —É—á–∏—Ç–µ–ª—Å–∫–∞—Ç–∞ –±–∞–Ω–∫–∞, –ø—Ä–µ–¥ —á–µ—Ä–Ω–∏—Ç–µ —Ç–∞–±–µ–ª–∫–∏, —Å –∫–æ–∏—Ç–æ —Å–∞ –Ω–∞–∑–∏–¥–∞–≤–∞–ª–∏ –ø—Ä–æ–≤–∏–Ω–∏–ª–∏—Ç–µ —Å–µ —É—á–µ–Ω–∏—Ü–∏—Ç–µ, –∞ –¥—Ä—É–≥–∞ —á–∞—Å—Ç - –æ—Ç –¥—è—Å–Ω–æ –ø—Ä–µ–¥ –±–µ–ª–∏—Ç–µ —Ç–∞–±–µ–ª–∫–∏, —Å –∫–æ–∏—Ç–æ —Å–∞ –ø–æ–æ—â—Ä—è–≤–∞–ª–∏ –ø—Ä–∏–ª–µ–∂–Ω–∏—Ç–µ —É—á–µ–Ω–∏—Ü–∏. –ü—Ä–µ—Å—ä–∑–¥–∞–π—Ç–µ –µ–º–æ—Ü–∏–∏—Ç–µ –Ω–∞ –≤—Å–µ–∫–∏ –æ—Ç —É—á–∞—Å—Ç–Ω–∏—Ü–∏—Ç–µ –≤ –ø–æ–¥–æ–±–Ω–∞ —Ä–µ–∞–ª–Ω–∞ —Å–∏—Ç—É–∞—Ü–∏—è –∏ —Å–µ —Å–Ω–∏–º–∞–π—Ç–µ. üôÇ ",,,,,TRUE,,,,
TEAM1,11,"–ù–∞ –≤—Ç–æ—Ä–∏—è –µ—Ç–∞–∂, –∑–∞–ª–∞ 2, –æ—Ç–∫—Ä–∏–π—Ç–µ –ø—Ä–µ–¥–º–µ—Ç —Å –º–∞—Ä–∫–∞ –Ω–∞ –∏–∑–≤–µ—Å—Ç–µ–Ω —Å—ä–≤—Ä–µ–º–µ–Ω–µ–Ω –∞–≤—Ç–æ–º–æ–±–∏–ª. –ö–∞–∫—ä–≤ –µ —Ç–æ–∑–∏ –ø—Ä–µ–¥–º–µ—Ç?",–ø–∏—à–µ—â–∞ –º–∞—à–∏–Ω–∞,,,,FALSE,,,,
TEAM1,12,"–ù–∞ –≤—Ç–æ—Ä–∏—è –µ—Ç–∞–∂, –∑–∞–ª–∞ 2, –∏–º–∞ 4 –≤–∏–¥–∞ –≤—Ä–µ–º–µ–∏–∑–º–µ—Ä–≤–∞—Ç–µ–ª–Ω–∏ —É—Ä–µ–¥–∏. –ù–∞–ø–∏—à–µ—Ç–µ –æ–ø—Ä–µ–¥–µ–ª–µ–Ω–∏–µ—Ç–æ –Ω–∞ –≤—Å–µ–∫–∏ –æ—Ç —Ç—è—Ö –≤ –∞–∑–±—É—á–µ–Ω —Ä–µ–¥.","–≤–æ–¥–µ–Ω, –æ–≥–Ω–µ–Ω, –æ–≥–Ω–µ–Ω–æ-–º–∞—Å–ª–µ–Ω, –ø—è—Å—ä—á–µ–Ω|–≤–æ–¥–µ–Ω,–æ–≥–Ω–µ–Ω,–æ–≥–Ω–µ–Ω–æ-–º–∞—Å–ª–µ–Ω,–ø—è—Å—ä—á–µ–Ω|–≤–æ–¥–µ–Ω –æ–≥–Ω–µ–Ω –æ–≥–Ω–µ–Ω–æ-–º–∞—Å–ª–µ–Ω –ø—è—Å—ä—á–µ–Ω|–≤–æ–¥–µ–Ω, –æ–≥–Ω–µ–Ω, –æ–≥–Ω–µ–Ω–æ-–º–∞—Å–ª–µ–Ω –∏ –ø—è—Å—ä—á–µ–Ω|–≤–æ–¥–µ–Ω –æ–≥–Ω–µ–Ω –æ–≥–Ω–µ–Ω–æ-–º–∞—Å–ª–µ–Ω –∏ –ø—è—Å—ä—á–µ–Ω|–≤–æ–¥–µ–Ω,–æ–≥–Ω–µ–Ω,–æ–≥–Ω–µ–Ω–æ-–º–∞—Å–ª–µ–Ω –∏ –ø—è—Å—ä—á–µ–Ω",,,,FALSE,,,,
TEAM1,13,"–ù–∞ –≤—Ç–æ—Ä–∏—è –µ—Ç–∞–∂ –≤ –µ—Å–∫–ø–æ–∑–∏—Ü–∏—è—Ç–∞ —Å—ä—Å —Å–º–µ—Ç–∞–ª–æ—Ç–æ, –∏–∑–ø–∏—à–µ—Ç–µ –µ–¥–Ω–∞ –ø—Ä–æ–∏–∑–≤–æ–ª–Ω–∞ –¥—É–º–∞ —Å –Ω–∞–ª–∏—á–Ω–∏—Ç–µ –±—É–∫–≤–∏ –∏ —Å–µ —Å–Ω–∏–º–∞–π—Ç–µ –Ω–∞ —Ñ–æ–Ω–∞ –Ω–∞ —Å–º–µ—Ç–∞–ª–æ—Ç–æ, —Å –∫–æ–µ—Ç–æ –ø–æ –æ—Ä–∏–≥–∏–Ω–∞–ª–µ–Ω –Ω–∞—á–∏–Ω –∏–∑–ø–∏—à–µ—Ç–µ 1,563,345. –ú–æ–∂–µ—Ç–µ –¥–∞ —Å–∏ –Ω–∞–ø—Ä–∞–≤–∏—Ç–µ —Å–µ–ª—Ñ–∏.",,,,,TRUE,,,,
TEAM1,14,"–ù–∞ –≤—Ç–æ—Ä–∏—è –µ—Ç–∞–∂ —Å–Ω–∏–º–∞–π—Ç–µ –∫–Ω–∏–≥–∞—Ç–∞, —á–∏–µ—Ç–æ –∏–º–µ ‚Äú–º–∏—Ä–∏—à–µ –Ω–∞ –º–æ—Ä–µ‚Äù.",—Ä–∏–±–µ–Ω –±—É–∫–≤–∞—Ä|—Ä–∏–±–Ω–∏—è—Ç –±—É–∫–≤–∞—Ä|—Ä–∏–±–Ω–∏—è –±—É–∫–≤–∞—Ä|–±—É–∫–≤–∞—Ä,"–ù–∞–ø–∏—Å–∞–Ω–∞ –µ –æ—Ç –ü–µ—Ç—ä—Ä –ë–µ—Ä–æ–Ω –∏ –∏–º–µ—Ç–æ –π —Å–µ —Å—ä—Å—Ç–æ–∏ –æ—Ç –¥–≤–µ –¥—É–º–∏: –ø—ä—Ä–≤–∞—Ç–∞ –µ –º–æ—Ä—Å–∫–æ/ –≤–æ–¥–Ω–æ –∂–∏–≤–æ—Ç–Ω–æ, –∞ –≤—Ç–æ—Ä–∞—Ç–∞ –µ –ø—ä—Ä–≤–∞—Ç–∞ –∫–Ω–∏–≥–∞ –Ω–∞ –¥–µ—Ü–∞—Ç–∞ –≤ —É—á–∏–ª–∏—â–µ. ",,,FALSE,,,TRUE,2m
TEAM1,15,"–ü—Ä–µ–∑ 1845 –≥. –≤ —Ç—Ä–µ–≤–Ω–µ–Ω—Å–∫–æ—Ç–æ –°—Ç–∞—Ä–æ —à–∫–æ–ª–æ —É—á–∏—Ç–µ–ª —Å—Ç–∞–≤–∞ –ü–µ—Ç–∫–æ –°–ª–∞–≤–µ–π–∫–æ–≤. –ü–æ –Ω–µ–≥–æ–≤–æ –≤—Ä–µ–º–µ –Ω–∞—Å—Ç—ä–ø–∏–ª–∏ –º–Ω–æ–≥–æ –ø—Ä–æ–º–µ–Ω–∏ –≤ —É—á–µ–±–Ω–∏—è –ø—Ä–æ—Ü–µ—Å –∏ —Å–µ –ø–æ—Å—Ç–∞–≤–∏–ª–æ –Ω–∞—á–∞–ª–æ—Ç–æ –Ω–∞ –Ω–æ–≤–æ —Ä–∞–∑–≤–∏—Ç–∏–µ –Ω–∞ —É—á–µ–±–Ω–æ—Ç–æ –¥–µ–ª–æ –≤ –≥—Ä–∞–¥–∞. –ò–º–µ–Ω–Ω–æ —Ç–æ–π –≤—ä–≤–µ–ª –∫–ª–∞—Å–Ω–æ—Ç–æ –æ–±—Ä–∞–∑–æ–≤–∞–Ω–∏–µ –∏ –Ω–æ–≤–∏ –ø—Ä–µ–¥–º–µ—Ç–∏ –∫–∞—Ç–æ –ø–µ–µ–Ω–µ –ø–æ –Ω–æ—Ç–∏, —Ä–∏—Å—É–≤–∞–Ω–µ, –≥–∏–º–Ω–∞—Å—Ç–∏–∫–∞, –µ—Å—Ç–µ—Å—Ç–≤–µ–Ω–∏ –Ω–∞—É–∫–∏ –∏ –Ω–µ –Ω–∞ –ø–æ—Å–ª–µ–¥–Ω–æ –º—è—Å—Ç–æ –ø–∏—Å–º–µ–Ω–æ –∏ –≥–æ–≤–æ—Ä–∏–º–æ —Ç—É—Ä—Å–∫–∏, –≥—Ä—ä—Ü–∫–∏ –∏ —Ñ—Ä–µ–Ω—Å–∫–∏ –µ–∑–∏–∫. –¢–æ–π —Ü–µ–ª—è–ª –±—ä–ª–≥–∞—Ä—á–µ—Ç–∞—Ç–∞ –¥–∞ –ø–æ–ª—É—á–∞–≤–∞—Ç –¥–æ—Å—Ç–æ–π–Ω–æ –Ω–∞ –µ–≤—Ä–æ–ø–µ–π—Å–∫–æ—Ç–æ –æ–±—Ä–∞–∑–æ–≤–∞–Ω–∏–µ. \n–ö–æ–µ –µ –º–æ—Ç–æ—Ç–æ, –∫–æ–µ—Ç–æ –ü–µ—Ç–∫–æ –°–ª–∞–≤–µ–π–∫–æ–≤ –Ω–∏ –µ –∑–∞–≤–µ—â–∞–ª, –∑–∞—à–∏—Ñ—Ä–æ–≤–∞–Ω–æ –≤ —Ç–µ–∫—Å—Ç—ä—Ç –ø–æ-–¥–æ–ª—É: ",–ø—Ä–æ—Å–≤–µ—â–µ–Ω–∏–µ—Ç–æ –µ –Ω—É–∂–Ω–æ –Ω–∞ –≤—Å—è–∫–æ–π –Ω–∞—Ä–æ–¥|–ø—Ä–æ—Å–≤–µ—â–µ–Ω–∏–µ –µ –Ω—É–∂–Ω–æ –Ω–∞ –≤—Å—è–∫–æ–π –Ω–∞—Ä–æ–¥,"–ú–æ–∂–µ—Ç–µ –¥–∞ –Ω–∞–º–µ—Ä–∏—Ç–µ –º–æ—Ç–æ—Ç–æ –Ω–∞ —Å—Ç–µ–Ω–∞—Ç–∞ –≤ –∫–ª–∞—Å–Ω–æ—Ç–æ —É—á–∏–ª–∏—â–µ. ",,/static/img/azbuka.png,FALSE,,,TRUE,2m
TEAM1,16,"–ù–∞—Ä–µ–¥–µ—Ç–µ –ø—ä–∑–µ–ª–∞ –≤ –ø–ª–∏–∫ 2 –∏ —Å—Ç–∏–≥–Ω–µ—Ç–µ –¥–æ –∑–∞–±–µ–ª–µ–∂–∏—Ç–µ–ª–Ω–æ—Å—Ç—Ç–∞, –∫–æ—è—Ç–æ —â–µ –æ—Ç–∫—Ä–∏–µ—Ç–µ –Ω–∞ –Ω–µ–≥–æ, –∫–æ–≥–∞—Ç–æ –≥–æ –Ω–∞—Ä–µ–¥–∏—Ç–µ. \n–°–Ω–∏–º–∞–π—Ç–µ –≥–æ—Ç–æ–≤–∏—è –ø—ä–∑–µ–ª –∏ –≥–æ –∏–∑–ø—Ä–∞—Ç–µ—Ç–µ. ",,,,,TRUE,,,,
TEAM1,17,"–ù–∞ –º–æ—Å—Ç–∞ —Å–∞ –æ—Å—Ç–∞–Ω–∞–ª–∏ —Å–ª–µ–¥–∏ –æ—Ç –≤–ª—é–±–µ–Ω–∏, –∫–æ–∏—Ç–æ —Å–∞ —Å–µ –≤—Ä–∏—á–∞–ª–∏ –≤ –ª—é–±–æ–≤ –µ–¥–∏–Ω –Ω–∞ –¥—Ä—É–≥. \n–ö–æ–ª–∫–æ —Ç–∞–∫–∏–≤–∞ —Å–∏–º–≤–æ–ª–∞ –æ—Ç–∫—Ä–∏–≤–∞–Ω–µ –Ω–∞ –º–æ—Å—Ç–∞?
",7|7 –∫–∞—Ç–∏–Ω–∞—Ä–∞|7 –∫–∞—Ç–∏–Ω–∞—Ä—á–µ—Ç–∞|7 –∫–∞—Ç–∏–Ω–∞—Ä–∏|7–∫–∞—Ç–∏–Ω–∞—Ä–∞|7–∫–∞—Ç–∏–Ω–∞—Ä–∏|7–∫–∞—Ç–∏–Ω–∞—Ä—á–µ—Ç–∞,,,,FALSE,,,,
TEAM1,18,"–ö–∏–≤–≥–∏—Ä–µ–Ω–∏—è—Ç –º–æ—Å—Ç e —Å—Ç—Äoe–Ω e –ø—Äe–∑ 1844 - 1845–≥. –ü—ä—Ä–≤o–Ωa—áa–ª–Ωo –±–∏–ª o—Ç –¥—ä—Ä–≤o, –Ωo c–ªe–¥ –øo—Äo–π–Ω–∏ –¥—ä–∂–¥o–≤e —Äe–∫a—Ça –ø—Ä–∏–∏–∂–¥a–ªa –∏ —áec—Ço –≥o c—ä–±a—Ä—è–ªa. –óa—Ço–≤a —Ç—Äe–≤–Ωe–Ω—Ü–∏ —Äe—à–∏–ª–∏ –¥a –≥o –øoc—Ç—Äo—è—Ç o—Ç –∫a–º—ä–∫. –úa–πc—Ço—Ä –î–∏–º–∏—Ç—ä—Ä Ce—Ä–≥—é–≤ –Ωa–ø—Äa–≤–∏–ª –ºoc—Ça –≤ —Ä–∏–ºc–∫–∏ c—Ç–∏–ª ‚Äì –≤–∏co–∫, c–≤o–¥ec—Ç –∏ c–∏–ª–Ωo –∏–∑–≥—ä—Ä–±e–Ω –¥a –ºo–∂e c–≤o–±o–¥–Ωo –¥a –ø—Äo–ø—Éc–∫a –ø—Ä–∏–¥o—à–ª–∏—Çe –±—É–π–Ω–∏ –≤o–¥–∏ –Ωa —Äe–∫a –¢—Äe–≤–Ωe–Ωc–∫a.\n–í—ä–ø—Ä–æ—Å: –ö–∞–∫ –Ω–∞—Ä–∏—á–∞—Ç –æ—â–µ —Ç–æ–∑–∏ –º–æ—Å—Ç —Ç—Ä–µ–≤–Ω–µ–Ω—Ü–∏? ",–≥—ä—Ä–±–∞–≤–∏—è –º–æ—Å—Ç|–≥—ä—Ä–±–∞–≤ –º–æ—Å—Ç|–≥—ä—Ä–±–∞–≤|–≥—ä—Ä–±–∞–≤–∏—è—Ç –º–æ—Å—Ç,"–ï–¥–Ω–æ –æ—Ç –æ–ø—Ä–µ–¥–µ–ª–µ–Ω–∏—è—Ç–∞ –Ω–∞ –º–æ—Å—Ç–∞ –ø–æ –≥–æ—Ä–µ —Å—ä–¥—ä—Ä–∂–∞ –Ω–µ–≥–æ–≤–æ—Ç–æ –∏–º–µ. –ê–∫–æ –Ω–µ —É—Å–ø–µ–µ—Ç–µ –¥–∞ —Å–µ —Å–µ—Ç–∏—Ç–µ, —Å–ø—Ä–µ—Ç–µ –º–∏–Ω—É–≤–∞—á –∏–ª–∏ –≤–ª–µ–∑—Ç–µ –≤ –±–ª–∏–∑–∫–æ –¥—é–∫—è–Ω—á–µ –∏ –ø–æ–ø–∏—Ç–∞–π—Ç–µ —Ç—Ä–µ–≤–Ω–µ–Ω–µ—Ü.",,,FALSE,,,TRUE,2m
TEAM1,19,–ü–æ —É–ª–∏—Ü–∞ –ü–µ—Ç–∫–æ –°–ª–∞–≤–µ–π–∫–æ–≤ –º–µ–∂–¥—É –Ω–æ–º–µ—Ä 21 –∏ –Ω–æ–º–µ—Ä 17 –∏–º–∞ –¥–≤–∞ –ù—Ä–µ—á–∏ –í–∞–Ω–∞–≥—Ä–∏.¬† –û—Ç–∫—Ä–∏–π—Ç–µ –≥–∏ –∏ –≥–∏ —Å–Ω–∏–º–∞–π—Ç–µ.¬†,,"–ú–∞—Ö–Ω–µ—Ç–µ –µ–¥–Ω–∞ –±—É–∫–≤–∞ –æ—Ç –∞–Ω–≥–ª–∏–π—Å–∫–∞—Ç–∞ –¥—É–º–∞ Crown –∏ —â–µ –ø–æ–ª—É—á–∏—Ç–µ –∏–º–µ—Ç–æ –Ω–∞ –ø—Ç–∏—Ü–∞—Ç–∞, –∫–æ—è—Ç–æ —Ç—ä—Ä—Å–∏—Ç–µ. ",,,TRUE,,,TRUE,2m
TEAM1,20,"–ó–∞–±–µ–ª–µ–∂–∏—Ç–µ–ª–Ω–æ—Å—Ç—Ç–∞, –¥–æ –∫–æ—è—Ç–æ —Ç—Ä—è–±–≤–∞ –¥–∞ —Å—Ç–∏–≥–Ω–µ—Ç–µ –Ω–æ—Å–∏ –∏–º–µ—Ç–æ —Å–∏ –æ—Ç –¥—É–º–∞—Ç–∞, –∫–æ—è—Ç–æ –æ–∑–Ω–∞—á–∞–≤–∞ ‚Äú—É—á–∏—Ç–µ–ª‚Äù –≤ –º–∏–Ω–∞–ª–æ—Ç–æ.¬†–í–Ω–∏–º–∞–Ω–∏–µ: –ò–º–∞—Ç–µ 7-10 –º–∏–Ω. —Ö–æ–¥–µ–Ω–µ –¥–æ —Ç–∞–∑–∏ –ª–æ–∫–∞—Ü–∏—è. –ò–∑–±–µ—Ä–µ—Ç–µ –º–∞—Ä—à—Ä—É—Ç—ä—Ç –≤–∏ –¥–∞ –ø—Ä–µ–º–∏–Ω–µ –ø—Ä–µ–∑ —É–ª. –ü–µ—Ç–∫–æ –°–ª–∞–≤–µ–π–∫–æ–≤. –¢–æ–≤–∞ —â–µ –≤–∏ –ø–æ–º–æ–≥–Ω–µ –∑–∞ –æ—Å—Ç–∞–Ω–∞–ª–∏—Ç–µ quest-–æ–≤–µ.¬†",–¥–∞—Å–∫–∞–ª–æ–≤–∞—Ç–∞ –∫—ä—â–∞|–¥–∞—Å–∫–∞–ª–æ–≤–∞ –∫—ä—â–∞|–¥–∞—Å–∫–∞–ª–æ–≤–∞|–¥–∞—Å–∫–∞–ª–æ–≤–∞—Ç–∞,,,,FALSE,,,,
TEAM1,21,"‚Äú–¢—Ä–µ–≤–Ω–µ–Ω—Å–∫–∞—Ç–∞ –∫–æ–ª–æ–Ω–∞‚Äù –µ –¥—ä—Ä–≤–æ–ø–ª–∞—Å—Ç–∏–∫–∞ –æ—Ç —Å—Ç–≤–æ–ª–∞ –Ω–∞ 208-–≥–æ–¥–∏—à–µ–Ω –¥—ä–±, –∏–∑—Ä–∞—Å–Ω–∞–ª –≤ –°—Ç—Ä–∞–Ω–¥–∂–∞ –ø–ª–∞–Ω–∏–Ω–∞ –∫—Ä–∞–π —Å–µ–ª–æ –ë—ä–ª–≥–∞—Ä–∏, –∫–æ—è—Ç–æ –µ –∏–∑—Ä–∞–±–æ—Ç–µ–Ω–∞ –æ—Ç —Å—ä–≤—Ä–µ–º–µ–Ω–Ω–∏ –º–∞–π—Å—Ç–æ—Ä–∏ –¥—ä—Ä–≤–æ—Ä–µ–∑–±–∞—Ä–∏ –ø–æ —Å–ª—É—á–∞–π 200 –≥–æ–¥–∏—à–Ω–∏–Ω–∞—Ç–∞ –Ω–∞ –î–∞—Å–∫–∞–ª–æ–≤–∞—Ç–∞ –∫—ä—â–∞.¬†–ö–æ–≥–∞—Ç–æ —Å—Ç–∏–≥–Ω–µ—Ç–µ –¥–æ –î–∞—Å–∫–∞–ª–æ–≤–∞—Ç–∞ –∫—ä—â–∞ –ø–æ–º–æ–ª–µ—Ç–µ –¥—Ä—É–≥ –ø–æ—Å–µ—Ç–∏—Ç–µ–ª/ —Å–ª—É–∂–∏—Ç–µ–ª—è –≤ –º—É–∑–µ—è –¥–∞ –≤–∏ —Å–Ω–∏–º–∞ –ø—Ä–µ–¥ –¢—Ä–µ–≤–Ω–µ–Ω—Å–∫–∞—Ç–∞ –∫–æ–ª–æ–Ω–∞ –≤ –¥–≤–æ—Ä–∞ –Ω–∞ –∫—ä—â–∞—Ç–∞. ",,,,,TRUE,,,,
TEAM1,22,"–í ‚Äú–¢—Ä–µ–≤–Ω–µ–Ω—Å–∫–∞—Ç–∞ –∫–æ–ª–æ–Ω–∞‚Äù –æ—Ç–∫—Ä–∏–π—Ç–µ –¥—ä—Ä–≤–æ—Ä–µ–∑–±–∞—Ç–∞ –Ω–∞ –¥—ä—Ä–≤–æ—Ä–µ–∑–±–∞—Ä—è –°–ª–∞–≤–∏ –ó–ª–∞—Ç–∞–Ω–æ–≤ (–∑–∞ —Ü–µ–ª—Ç–∞ —â–µ —Ç—Ä—è–±–≤–∞ –¥–∞ –ø–æ–ª–∑–≤–∞—Ç–µ –∏–Ω—Ñ–æ—Ä–º–∞—Ü–∏—è, –∫–æ—è—Ç–æ –Ω–µ —Å–µ –Ω–∞–º–∏—Ä–∞ –Ω–∞ —Å–∞–º–∞—Ç–∞ –∫–æ–ª–æ–Ω–∞, –Ω–æ –µ –≤ –±–ª–∏–∑–æ—Å—Ç –¥–æ –Ω–µ—è).¬† –° –Ω—è–∫–æ–∏ –æ—Ç —Ü–∏—Ñ—Ä–∏—Ç–µ, —Å –∫–æ–∏—Ç–æ —Ä–∞–∑–ø–æ–ª–∞–≥–∞—Ç–µ, –Ω–∞–ø—Ä–∞–≤–µ—Ç–µ —Ç—Ä–∏–±—É–∫–≤–µ–Ω–∞ –¥—É–º–∞, –∫–æ—è—Ç–æ –Ω–æ—Å–∏ —Ä–∞–∑–ª–∏—á–µ–Ω —Å–º–∏—Å—ä–ª, –∫–æ–≥–∞—Ç–æ —è –ø—Ä–æ—á–µ—Ç–µ—Ç–µ –æ—Ç–ª—è–≤–æ –Ω–∞–¥—è—Å–Ω–æ –∏ –æ—Ç–¥—è—Å–Ω–æ –Ω–∞–ª—è–≤–æ. ","–≤–∏–∂|–∂–∏–≤|–≤–∏–∂ –∏ –∂–∏–≤|–≤–∏–∂, –∂–∏–≤|–≤–∏–∂,–∂–∏–≤|–∂–∏–≤ –∏ –≤–∏–∂|–∂–∏–≤, –≤–∏–∂|–∂–∏–≤,–≤–∏–∂|–≤–∏–∂ –∂–∏–≤|–∂–∏–≤ –≤–∏–∂",–ü—Ä–æ—á–µ—Ç–µ–Ω–∞ –æ—Ç–ø—Ä–µ–¥ –Ω–∞–∑–∞–¥ –¥—É–º–∞—Ç–∞ –µ —Å–∏–Ω–æ–Ω–∏–º –Ω–∞ ‚Äú–ø–æ–≥–ª–µ–¥–Ω–∏!‚Äù,,,FALSE,,,TRUE,2m
TEAM1,23,"–ù–∞ –ø—ä—Ä–≤–∏—è –µ—Ç–∞–∂ —Å—Ä–µ–¥ –∏–Ω—Å—Ç—Ä—É–º–µ–Ω–∏—Ç–µ –∑–∞ –¥—ä—Ä–≤–æ—Ä–µ–∑–±–∞ —â–µ –æ–∫—Ä–∏–µ—Ç–µ –∫–∏—Ä–ø–∏–¥–µ–Ω.¬†–°–Ω–∏–º–∞–π—Ç–µ –≥–æ –∏ –≥–æ –∏–∑–ø—Ä–∞—Ç–µ—Ç–µ. ",,"–° –∏–Ω—Å—Ç—Ä—É–º–µ–Ω—Ç, –∏–∑–≥–ª–µ–∂–¥–∞—â –ø–æ –ø–æ–¥–æ–±–µ–Ω –Ω–∞—á–∏–Ω —Å–µ –≤–∞–¥—è—Ç –∑—ä–±–∏.¬†",,,TRUE,,,TRUE,2m
TEAM1,24,"–ù–∞ –ø—ä—Ä–≤–∏—è –µ—Ç–∞–∂ —â–µ –æ—Ç–∫—Ä–∏–µ—Ç–µ –ú–∞–π—Å—Ç–æ—Ä—Å–∫–æ —Å–≤–∏–¥–µ—Ç–µ–ª—Å—Ç–≤–æ –∑–∞ —Ä–µ–∑–±–∞—Ä—Å—Ç–≤–æ –Ω–∞ –¶–∞–Ω–∏ –¢–æ–¥–æ—Ä–æ–≤ –ê–Ω—Ç–æ–Ω–æ–≤ –æ—Ç 15 –¥–µ–∫–µ–º–≤—Ä–∏ 1931 –≥. –ö–∞–∫ —Å–µ –Ω–∞—Ä–∏—á–∞ –ó–∞–∫–æ–Ω—ä—Ç, —Å—ä–≥–ª–∞—Å–Ω–æ –∫–æ–π—Ç–æ –µ –∏–∑–¥–∞–¥–µ–Ω–æ —Ç–æ–≤–∞ —Å–≤–∏–¥–µ—Ç–µ–ª—Å—Ç–≤–æ.",–∑–∞–∫–æ–Ω –∑–∞ –æ—Ä–≥–∞–Ω–∏–∑–∏—Ä–∞–Ω–µ –∏ –ø–æ–¥–ø–æ–º–∞–≥–∞–Ω–µ –Ω–∞ –∑–∞–Ω–∞—è—Ç–∏—Ç–µ|–∑–∞–∫–æ–Ω–∞ –∑–∞ –æ—Ä–≥–∞–Ω–∏–∑–∏—Ä–∞–Ω–µ –∏ –ø–æ–¥–ø–æ–º–∞–≥–∞–Ω–µ –Ω–∞ –∑–∞–Ω–∞—è—Ç–∏—Ç–µ| –∑–∞–∫–æ–Ω –∑–∞ –æ—Ä–≥–∞–Ω–∏–∑–∏—Ä–∞–Ω–µ –∏ –ø–æ–¥–ø–æ–º–∞–≥–∞–Ω–µ –Ω–∞ –∑–∞–Ω–∞—è—Ç–∏,,,,FALSE,,,,
TEAM1,25,–ù–∞ –ø—ä—Ä–≤–∏—è –µ—Ç–∞–∂ —â–µ –æ—Ç–∫—Ä–∏–µ—Ç–µ –î–æ–≥–æ–≤–æ—Ä –æ—Ç 13 –∞–≤–≥—É—Å—Ç 1938 –≥. –º–µ–∂–¥—É –º–∞–π—Å—Ç–æ—Ä —Ä–µ–∑–±–∞—Ä –∏ —Ü—ä—Ä–∫–æ–≤–Ω–æ—Ç–æ –Ω–∞—Å—Ç–æ—è—Ç–µ–ª—Å—Ç–≤–æ –∑–∞ –∏–∑—Ä–∞–±–æ—Ç–∫–∞ –Ω–∞ –∏–∫–æ–Ω–æ—Å—Ç–∞—Å.¬†–û—Ç –∫–∞–∫—ä–≤ –º–∞—Ç–µ—Ä–∏–∞–ª —Å–ø–æ—Ä–µ–¥ –¥–æ–≥–æ–≤–æ—Ä–∞ —â–µ –±—ä–¥–µ –∏–∑—Ä–∞–±–æ—Ç–µ–Ω–∞ —Ä–µ–∑–±–æ–≤—Å–∫–∞—Ç–∞ —Ä–∞–±–æ—Ç–∞?,–ª–∏–ø–æ–≤ –º–∞—Ç–µ—Ä–∏–∞–ª|–ª–∏–ø–∞|–ª–∏–ø–æ–≤|–ª–∏–ø–æ–≤–∏—è,–ü—Ä–∞–≤–∏–º –∞—Ä–æ–º–∞—Ç–µ–Ω —á–∞–π –æ—Ç —Ü–≤–µ—Ç–æ–≤–µ—Ç–µ –Ω–∞ —Ç–æ–≤–∞ –¥—ä—Ä–≤–æ.¬†,,,FALSE,,,TRUE,2m
TEAM1,26,"–ö–∞—á–µ—Ç–µ —Å–µ –Ω–∞ –≤—Ç–æ—Ä–∏—è –µ—Ç–∞–∂. –í –ü–∞—Ç—Ä–∏–æ—Ç–∏—á–µ—Å–∫–∞—Ç–∞ —Å—Ç–∞—è —Å–∏ –Ω–∞–ø—Ä–∞–≤–µ—Ç–µ –æ–±—â–∞ —Å–Ω–∏–º–∫–∞ –∫–∞—Ç–æ –∑–∞—Å—Ç–∞–Ω–µ—Ç–µ –¥–æ –Ω—è–∫–æ–∏ –æ—Ç —Å–ª–µ–¥–Ω–∏—Ç–µ –±—ä–ª–≥–∞—Ä—Å–∫–∏ —Ö–∞–Ω–æ–≤–µ/ —Ü–∞—Ä–µ: –•–∞–Ω –ê—Å–ø–∞—Ä—É—Ö, –¶–∞—Ä –ë–æ—Ä–∏—Å, –¶–∞—Ä –°–∞–º—É–∏–ª, –¶–∞—Ä –ö–∞–ª–æ—è–Ω, –¶–∞—Ä –ò–≤–∞–Ω –ê—Å–µ–Ω II, –¶–∞—Ä –ú–∏—Ö–∞–∏–ª –®–∏—à–º–∞–Ω‚Ä¶ –ü—Ä–µ—Å—ä–∑–¥–∞–π—Ç–∞ –º–∞–∫—Å–∏–º–∞–ª–Ω–æ —Ç–æ—á–Ω–æ –ø–æ–∑–∏—Ü–∏—è—Ç–∞, –≤ –∫–æ–π—Ç–æ —Ç–µ —Å—Ç–æ—è—Ç –∫–∞—Ç–æ –∏–∑–ø–æ–ª–∑–≤–∞—Ç–µ –ø—Ä–µ–¥–º–µ—Ç–∏, —Å –∫–æ–∏—Ç–æ —Ä–∞–∑–ø–æ–ª–∞–≥–∞—Ç–µ, –∑–∞ –¥–∞ –ø–æ–∫–∞–∂–µ—Ç–µ –∫–∞–∫–≤–æ –¥—ä—Ä–∂–∞—Ç –≤ —Ä—ä—Ü–µ—Ç–µ —Å–∏. –ü–æ–º–æ–ª–µ—Ç–µ –¥—Ä—É–≥ –ø–æ—Å–µ—Ç–∏—Ç–µ–ª –¥–∞ –≤–∏ —Å–Ω–∏–º–∞, –∑–∞ –¥–∞ –±—ä–¥–µ —Å–Ω–∏–º–∫–∞—Ç–∞ –º–∞–∫—Å–∏–º–∞–ª–Ω–æ –∞–≤—Ç–µ–Ω—Ç–∏—á–Ω –∞.¬†",,,,,TRUE,,,,
TEAM1,27,"–ù–∞ –≤—Ç–æ—Ä–∏—è –µ—Ç–∞–∂ –≤ –ü–∞—Ç—Ä–∏–æ—Ç–∏—á–µ—Å–∫–∞—Ç–∞ —Å—Ç–∞—è –æ—Ç–∫—Ä–∏–π—Ç–µ –∂–∏–≤–æ—Ç–Ω–æ—Ç–æ, –∫–æ–µ—Ç–æ –¥—ä—Ä–∂–∏ –∫–∞—Ä—Ç–∞ –Ω–∞ –ë—ä–ª–≥–∞—Ä–∏—è. –ö–∞–∫–≤–æ –µ —Ç–æ–≤–∞ –∂–∏–≤–æ—Ç–Ω–æ?",–ª—ä–≤,–ñ–∏–≤–æ—Ç–Ω–æ—Ç–æ –µ —Å–∏–º–≤–æ–ª –≤ –≥–µ—Ä–±–∞ –Ω–∞ –ë—ä–ª–≥–∞—Ä–∏—è,,,FALSE,,,TRUE,2m
TEAM1,28,"–ù–∞ –≤—Ç–æ—Ä–∏—è –µ—Ç–∞–∂ —â–µ –æ—Ç–∫—Ä–∏–µ—Ç–µ –µ–∫—Å–ø–æ–∑–∏—Ü–∏—è –Ω–∞ –∑–∞–Ω–∞—è—Ç, —Å–≤—ä—Ä–∑–∞–Ω —Å –æ–±—Ä–∞–±–æ—Ç–∫–∞ –Ω–∞ —Å—É—Ä–æ–≤–∞ –∫–æ–ø—Ä–∏–Ω–∞, –∑–∞ –¥–µ–∫–æ—Ä–∞—Ç–∏–≤–Ω–∏ —Ü–µ–ª–∏ - –∑–∞ –Ω–∞–≥—Ä—ä–¥–Ω–∏—Ü–∏, –ø–∏—Å–∫—é–ª–∏ –Ω–∞ –≥–æ—Ä–Ω–∏ –º—ä–∂–∫–∏ –¥—Ä–µ—Ö–∏, –ø–∏—Å–∫—é–ª–∏ –Ω–∞ —Ñ–µ—Å–æ–≤–µ, –∫–æ–ª–∞–Ω–∏ –Ω–∞ –∂–µ–Ω–∏ –∏ –¥—Ä.¬†–ö–∞–∫ —Å–∞ –Ω–∞—Ä–∏—á–∞–ª–∏ –≤ –º–∏–Ω–∞–ª–æ—Ç–æ —Ç–æ–∑–∏ –∑–∞–Ω–∞—è—Ç?",–∫–∞–∑–∞—Å–ª—ä–∫,–î—É–º–∞—Ç–∞ —Å–µ —Ñ–æ—Ä–º–∏—Ä–∞ –æ—Ç —Å–ª–µ–¥–Ω–∏—Ç–µ –±—É–∫–≤–∏ ‚Äû–ª—ä–∫–∞—Å–∑–∞–∫‚Äú,,,FALSE,,,TRUE,2m
TEAM1,29,"–ù–∞ —Å–Ω–∏–º–∫–∞—Ç–∞ –µ –ø–æ–∫–∞–∑–∞–Ω ‚Äú—Å–æ–∫–∞–π‚Äù (‚Äú—Å—É–∫–∞–π‚Äù). –¢–æ–π –ø—Ä–µ–¥—Å—Ç–∞–≤–ª—è–≤–∞ –µ–¥–Ω–∞ –æ—Ç —Å—Ç–∞—Ä–∏–Ω–Ω–∏—Ç–µ –∂–µ–Ω—Å–∫–∏ —É–∫—Ä–∞—Å–∞ –∑–∞ –≥–ª–∞–≤–∞ –Ω–∞ –ø–æ–≤–µ—á–µ –æ—Ç 200 –≥., –∫–æ—è—Ç–æ –µ —á–∞—Å—Ç –æ—Ç –ø—Ä–∞–∑–Ω–∏—á–Ω–∞—Ç–∞ –Ω–æ—Å–∏—è –Ω–∞ –æ–º—ä–∂–µ–Ω–∏—Ç–µ –±—ä–ª–≥–∞—Ä–∫–∏ —Å–∞–º–æ —Å—Ä–µ–¥ –Ω–∞—Å–µ–ª–µ–Ω–∏–µ—Ç–æ –ø–æ —Å–µ–≤–µ—Ä–Ω–∏—Ç–µ —Å–∫–ª–æ–Ω–æ–≤–µ –Ω–∞ –°—Ä–µ–¥–Ω–∞ –°—Ç–∞—Ä–∞ –ø–ª–∞–Ω–∏–Ω–∞. \n–¢–∞–∑–∏ —É–∫—Ä–∞—Å–∞ –±–∏–ª–∞ —Å–∫—ä–ø–∞ –≤–µ—â, –∫–æ—è—Ç–æ —Å–µ –ø–æ–¥–∞—Ä—è–≤–∞–ª–∞ –æ—Ç —Å–≤–µ–∫—ä—Ä–∞ –Ω–∞ –±—É–ª–∫–∞—Ç–∞ –∏ —Å–µ –ø–æ—Å—Ç–∞–≤—è–ª–∞ –Ω–∞ –≥–ª–∞–≤–∞—Ç–∞ —ù —Å—ä—Å —Å–ø–µ—Ü–∏–∞–ª–µ–Ω —Ä–∏—Ç—É–∞–ª –≤ —Å–µ–¥–º–∏—Ü–∞—Ç–∞ —Å–ª–µ–¥ —Å–≤–∞—Ç–±–∞—Ç–∞. 
–ö–∞—Ä—Ç–∏–Ω–∞—Ç–∞ –ø–æ-–≥–æ—Ä–µ —Å–∞ –Ω–∞—Ä–∏—á–∞ ‚Äú–ñ–µ–Ω–∞ –æ—Ç –ë–æ–∂–µ–Ω—Ü–∏‚Äù. –ö–æ–π –µ —Ö—É–¥–æ–∂–Ω–∏–∫—ä—Ç –Ω–∞ –∫–∞—Ä—Ç–∏–Ω–∞—Ç–∞? –ú–∞–ª–∫–æ—Ç–æ –º—É –∏–º–µ –µ –µ–¥–Ω–æ –æ—Ç –Ω–∞–π-—á–µ—Å—Ç–æ —Å—Ä–µ—â–∞–Ω–∏—Ç–µ –º—ä–∂–∫–∏ –∏–º–µ–Ω–∞ –≤ –ë—ä–ª–≥–∞—Ä–∏—è, –∞ —Ñ–∞–º–∏–ª–∏—è—Ç–∞ –º—É –Ω–∞–ø–æ–º–Ω—è –Ω–∞ –∑–≤—É–∫, –∫–æ–π—Ç–æ –∏–∑–¥–∞–≤–∞ –¥–æ–º–∞—à–µ–Ω –ª—é–±–∏–º–µ—Ü. ",–∏–≤–∞–Ω –º—ä—Ä–∫–≤–∏—á–∫–∞|–º—ä—Ä–∫–≤–∏—á–∫–∞,–§–∞–º–∏–ª–∏—è—Ç–∞ –º—É —Å–µ —Ä–∏–º—É–≤–∞ —Å ‚Äú—Ü—ä—Ä–∫–≤–∏—á–∫–∞‚Äù,,/static/img/woman.png,FALSE,,,TRUE,2m
TEAM1,30,"–ö–∞—á–µ—Ç–µ —Å–µ –Ω–∞ –≤—Ç–æ—Ä–∏—è –µ—Ç–∞–∂. \n–î–∞—Å–∫–∞–ª–æ–≤–∞—Ç–∞ –∫—ä—â–∞ –µ –ø–æ—Å—Ç—Ä–æ–µ–Ω–∞ –∑–∞ –¥–≤–∞–º–∞ –æ—Ç —Å–∏–Ω–æ–≤–µ—Ç–µ –Ω–∞ —Ö–∞–¥–∂–∏ –•—Ä–∏—Å—Ç–æ –î–∞—Å–∫–∞–ª–æ–≤. –ü—Ä–∏ –æ—Å–≤–µ—â–∞–≤–∞–Ω–µ—Ç–æ —ù –Ω–∞ –ì–µ—Ä–≥—å–æ–≤–¥–µ–Ω 1808 –≥. –¥–≤–∞–º–∞ —Ç–∞–ª–∞–Ω—Ç–ª–∏–≤–∏ –¥—ä—Ä–≤–æ—Ä–µ–∑–±–∞—Ä–∏ –º–∞–π—Å—Ç–æ—Ä–∏, –î–∏–º–∏—Ç—ä—Ä –û—à–∞–Ω–µ—Ü–∞ –∏ –∫–∞–ª—Ñ–∞—Ç–∞ –ò–≤–∞–Ω –ë–æ—á—É–∫–æ–≤–µ—Ü–∞, —Å–∫–ª—é—á–≤–∞—Ç –æ–±–ª–æ–≥, –∑–∞ –∫–æ–π—Ç–æ —à–µ—Å—Ç –º–µ—Å–µ—Ü–∞ —Ä–∞–±–æ—Ç—è—Ç, –≤—Å–µ–∫–∏ –ø–æ–æ—Ç–¥–µ–ª–Ω–æ, –≤–µ–ª–∏–∫–æ–ª–µ–ø–Ω–∏ —Ä–µ–∑–±–æ–≤–∞–Ω–∏ —Ç–∞–≤–∞–Ω–∏. –†–µ–∑—É–ª—Ç–∞—Ç–∏—Ç–µ –±–∏–ª–∏ –∑–∞—à–µ–º–µ—Ç—è–≤–∞—â–∏ ‚Äì –æ—Ç —Ç–∞–≤–∞–Ω–∏—Ç–µ –≥—Ä–µ–π–Ω–∞–ª–∏ —É–Ω–∏–∫–∞–ª–Ω–∏ —Å–ª—ä–Ω—Ü–∞ - –º–∞–π—Å–∫–æ –∏ —é–ª—Å–∫–æ. –ú–∞–π—Å—Ç–æ—Ä—ä—Ç –î–∏–º–∏—Ç—ä—Ä –±–∏–ª –∏–∑–±—Ä–∞–Ω –∑–∞ –ø–æ–±–µ–¥–∏—Ç–µ–ª, –Ω–æ –ø–æ–º–æ—â–Ω–∏–∫—ä—Ç –º—É –ò–≤–∞–Ω —Å—ä—â–æ —Å–ø–µ—á–µ–ª–∏–ª - —Ä—ä–∫–∞—Ç–∞ –Ω–∞ –¥—ä—â–µ—Ä—è—Ç–∞ –Ω–∞ —Å—Ç–æ–ø–∞–Ω–∏–Ω–∞ –∏ —Ç–∏—Ç–ª–∞—Ç–∞ –º–∞–π—Å—Ç–æ—Ä. \n–ö–∞–∫–≤–æ –Ω–∞–∏–º–µ–Ω–æ–≤–∞–Ω–∏–µ —Å–∞ –ø–æ—Å—Ç–∞–≤—è–ª–∏ –≤ –º–∏–Ω–∞–ª–æ—Ç–æ –Ω–∞—à–∏—Ç–µ –ø—Ä–µ–¥—Ü–∏ –ø—Ä–µ–¥ –∏–º–µ–Ω–∞—Ç–∞ —Å–∏, –∫–∞—Ç–æ —Å–≤–∏–¥–µ—Ç–µ–ª—Å—Ç–≤–æ –∑–∞ –º–∞–π—Å—Ç–æ—Ä—Å—Ç–≤–æ—Ç–æ –∏–º –≤ –æ–ø—Ä–µ–¥–µ–ª–µ–Ω –∑–∞–Ω–∞—è—Ç.¬†¬†¬†",—É—Å—Ç–∞,"–†–µ—à–µ—Ç–µ –≥–∞—Ç–∞–Ω–∫–∞—Ç–∞: –í —á–µ—Ä–≤–µ–Ω–∞ –ø–µ—â–µ—Ä–∞ —Å –¥–≤–µ –≤—Ä–∞—Ç–∏ –±–µ–∑ –ø–∞–Ω—Ç–∏, –±–µ–ª–∏ –≤—ä–ª—Ü–∏ –Ω–∞–ª—è–≥–∞–ª–∏. –©–æ –µ —Ç–æ?",,,FALSE,,,TRUE,2m
TEAM1,31,"–ù–∞ –≤—Ç–æ—Ä–∏—è –µ—Ç–∞–∂ –¥–æ—Å—Ç—ä–ø—ä—Ç –¥–æ –≤—ä—Ç—Ä–µ—à–Ω–æ—Å—Ç—Ç–∞ –Ω–∞ —Å—Ç–∞—è—Ç–∞ —Å —é–ª—Å–∫–æ—Ç–æ —Å–ª—ä–Ω—Ü–µ –Ω–∞ –ò–≤–∞–Ω –ë–æ—á—É–∫–æ–≤–µ—Ü–∞ –µ –æ–≥—Ä–∞–Ω–∏—á–µ–Ω. –¢–∞–∫–∞ —á–µ —Å–µ —Å–Ω–∏–º–∞–π—Ç–µ, —Ç–∞–∫–∞ —á–µ –¥–∞ —Å–µ –≤–∏–∂–¥–∞ –∏ —Å–ª—ä–Ω—Ü–µ—Ç–æ (–¥–æ–∫–æ–ª–∫–æ—Ç–æ –µ –≤—ä–∑–º–æ–∂–Ω–æ) –∏ –ø–æ–Ω–µ –ø–æ –µ–¥–∏–Ω –∫—Ä–∞–π–Ω–∏–∫ –æ—Ç –≤—Å–µ–∫–∏ –æ—Ç –≤–∞—Å üôÇ",,,,,TRUE,,,,
TEAM1,32,"–ù–∞ –≤—Ç–æ—Ä–∏—è –µ—Ç–∞–∂ —â–µ –≤–∏–¥–∏—Ç–µ –µ–∫—Å–ø–æ–∑–∏—Ü–∏—è –Ω–∞ –ø–∞—Ñ—Ç–∏ –∏ –¥—Ä—É–≥–∏ —É–∫—Ä–∞—à–µ–Ω–∏—è –Ω–∞ –±—ä–ª–≥–∞—Ä–∫–∞—Ç–∞ –æ—Ç –º–∏–Ω–∞–ª–æ—Ç–æ. –¢–µ —Å–∞ –ø—Ä–µ–¥–º–µ—Ç –Ω–∞ –∑–∞–Ω–∞—è—Ç, –∫–æ–π—Ç–æ –∏–∑—Ä–∞–±–æ—Ç–≤–∞ –Ω–∞–∫–∏—Ç–∏, –∫–∞–∫—Ç–æ –æ—Ç –±–ª–∞–≥–æ—Ä–æ–¥–Ω–∏ –º–µ—Ç–∞–ª–∏ (–∑–ª–∞—Ç–æ –∏ —Å—Ä–µ–±—Ä–æ), —Ç–∞–∫–∞ –∏ –æ—Ç –Ω–µ–±–ª–∞–≥–æ—Ä–æ–¥–Ω–∏ –º–µ—Ç–∞–ª–∏ (–º–µ–¥, –±–∞–∫—ä—Ä –∏ –¥—Ä.). –ö–∞–∫ —Å–µ –Ω–∞—Ä–∏—á–∞–ª —Ç–æ–∑–∏ –∑–∞–Ω–∞—è—Ç –≤ –º–∏–Ω–∞–ª–æ—Ç–æ?",–∫—É—é–º–¥–∂–∏–π—Å—Ç–≤–æ,–û–≥–ª–µ–¥–∞–π—Ç–µ —Å–µ - –≤ —Å—Ç–∞—è—Ç–∞ –∏–º–∞ –ª–∏—Å—Ç —Å –∏–Ω—Ñ–æ—Ä–º–∞—Ü–∏—è –∑–∞ —Ç–æ–∑–∏ –∑–∞–Ω–∞—è—Ç.,,,FALSE,,,TRUE,2m
TEAM1,33,"–ù–∞ –≤—Ç–æ—Ä–∏—è –µ—Ç–∞–∂ –¥–æ—Å—Ç—ä–ø—ä—Ç –¥–æ –≤—ä—Ç—Ä–µ—à–Ω–æ—Å—Ç—Ç–∞ –Ω–∞ —Å—Ç–∞—è—Ç–∞ —Å –º–∞–π—Å–∫–æ—Ç–æ —Å–ª—ä–Ω—Ü–µ –Ω–∞ –ò–≤–∞–Ω –ë–æ—á—É–∫–æ–≤–µ—Ü–∞ –µ –æ–≥—Ä–∞–Ω–∏—á–µ–Ω. –ù–æ–º–∏–Ω–∏—Ä–∞–π—Ç–µ –µ–¥–∏–Ω –æ—Ç –≤–∞—Å, –∫–æ–π—Ç–æ –≤ —Ç–æ–∑–∏ –¥–µ–Ω –∏–º–∞ –Ω–∞–π-–º–∞–π—Å–∫–æ –∏–∑–ª—ä—á–≤–∞–Ω–µ –∏ –≥–æ —Å–Ω–∏–º–∞–π—Ç–µ (–∏–ª–∏ —á–∞—Å—Ç –æ—Ç –Ω–µ–≥–æ :)), –Ω–∞ —Ñ–æ–Ω–∞ –Ω–∞ —Ä–µ–∑–±–æ–≤–∞–Ω–∏—è —Ç–∞–≤–∞–Ω.",,,,,TRUE,,,,
TEAM1,34,"–ù–∞–∫—ä–¥–µ –≤ –¥–≤–æ—Ä–∞ –Ω–∞ –î–∞—Å–∫–∞–ª–æ–≤–∞—Ç–∞ –∫—ä—â–∞ —â–µ –æ—Ç–∫—Ä–∏–µ—Ç–µ –¥—ä—Ä–≤–µ–Ω–∞ —Å—Ç–∞—Ç—É—è, –∫–æ—è—Ç–æ –Ω–µ –µ –æ—Ç –µ–ø–æ—Ö–∞—Ç–∞ –Ω–∞ –∫—ä—â–∞—Ç–∞, –Ω–∏—Ç–æ –æ—Ç –Ω–µ–π–Ω–∞—Ç–∞ –Ω–∞—Ü–∏–æ–Ω–∞–ª–Ω–∞ –ø—Ä–∏–Ω–∞–¥–ª–µ–∂–Ω–æ—Å—Ç - –∏–∑–æ–±—â–æ, —Å—Ç–∞—Ç—É—è—Ç–∞ –Ω—è–º–∞ –Ω–∏—â–æ –æ–±—â–æ —Å —Ç–æ–≤–∞ –º—è—Å—Ç–æ. –ü–æ–º–æ–ª–µ—Ç–µ –¥—Ä—É–≥ –ø–æ—Å–µ—Ç–∏—Ç–µ–ª –¥–∞ –≤–∏ —Å–Ω–∏–º–∞ —Å —Ç–∞–∑–∏ —Å—Ç–∞—Ç—É—è, –∫–∞—Ç–æ —è –∏–º–∏—Ç–∏—Ä–∞—Ç–µ –≤—ä–≤ –≤—ä–∑–º–æ–∂–Ω–æ –Ω–∞–π-–≥–æ–ª—è–º–∞ —Å—Ç–µ–ø–µ–Ω.¬†",,,,,TRUE,,,,
TEAM1,35,–í –Ω–µ–ø–æ—Å—Ä–µ–¥—Å—Ç–≤–µ–Ω–∞ –±–ª–∏–∑–æ—Å—Ç –¥–æ –î–∞—Å–∫–∞–ª–æ–≤–∞—Ç–∞ –∫—ä—â–∞ —â–µ –æ—Ç–∫—Ä–∏–µ—Ç–µ —Ç–µ–∑–∏ –¥–µ–≤–æ–π–∫–∏. –¢–µ –±—Ä–æ–¥–∏—Ä–∞—Ç –Ω—è–∫–∞–∫—ä–≤ —Ç–µ–∫—Å—Ç. –ö–∞–∫–≤–æ –ø–∏—à–µ –≤ —Ç–æ–∑–∏ —Ç–µ–∫—Å—Ç?,—Å–≤–æ–±–æ–¥–∞ –∏–ª–∏ —Å–º—ä—Ä—Ç,,,/static/img/devojki.jpg,FALSE,,,,
TEAM1,36,"–ü–æ–º–æ–ª–µ—Ç–µ –º–∏–Ω—É–≤–∞—á –¥–∞ –≤–∏ –Ω–∞–ø—Ä–∞–≤–∏ —Å–Ω–∏–º–∫–∞ —Å –¥–µ–≤–æ–π–∫–∏—Ç–µ, —Ç–∞–∫–∞ –≤—Å–µ –µ–¥–Ω–æ —Å—Ç–µ —á–ª–µ–Ω–æ–≤–µ –Ω–∞ —á–µ—Ç–∞ –∏ –æ—á–∞–∫–≤–∞—Ç–µ –∑–Ω–∞–º–µ—Ç–æ –¥–∞ –±—ä–¥–µ –∏–∑–≤–µ–∑–∞–Ω–æ, –∑–∞ –¥–∞ –≥–æ –≤–∑–µ–º–µ—Ç–µ –∏ –¥–∞ –ø–æ–µ–º–µ—Ç–µ –∫—ä–º –ë–∞–ª–∫–∞–Ω–∞.",,,,,TRUE,,,,
TEAM1,37,"–ù–∞—Å–æ—á–µ—Ç–µ —Å–µ –∫—ä–º –∫—ä—â–∞—Ç–∞ –Ω–∞ –±–∞—â–∞ –∏ —Å–∏–Ω, —á–∏—è—Ç–æ —Ñ–∞–º–∏–ª–∏—è –∏–¥–≤–∞ –æ—Ç –∏–º–µ—Ç–æ –Ω–∞ –ø–æ–π–Ω–∞ –ø—Ç–∏—Ü–∞. –ó–∞–ø–∏—à–µ—Ç–µ –∏–º–µ—Ç–æ –Ω–∞ –∫—ä—â–∞—Ç–∞ –ø–æ-–¥–æ–ª—É.",—Å–ª–∞–≤–µ–π–∫–æ–≤–∞—Ç–∞ –∫—ä—â–∞|—Å–ª–∞–≤–µ–π–∫–æ–≤–∞|—Å–ª–∞–≤–µ–π–∫–æ–≤–∞—Ç–∞|—Å–ª–∞–≤–µ–π–∫–æ–≤–∞ –∫—ä—â–∞,–ò–º–µ—Ç–æ –Ω–∞ –∫—ä—â–∞—Ç–∞ –µ —Å—ä—Å—Ç–∞–≤–µ–Ω–æ –æ—Ç –∏–º–µ—Ç–æ –Ω–∞ –ø–æ–π–Ω–∞—Ç–∞ –ø—Ç–∏—Ü–∞ –∏ –Ω–∞—Å—Ç–∞–≤–∫–∞—Ç–∞ -–∫–æ–≤–∞—Ç–∞.¬†,,,FALSE,,,TRUE,2m
TEAM1,38,"–°–Ω–∏–º–∞–π—Ç–µ —Å–µ –ø—Ä–µ–¥ —Ä–æ–¥–æ—Å–ª–æ–≤–Ω–æ—Ç–æ –¥—ä—Ä–≤–æ –Ω–∞ –ü–µ—Ç–∫–æ –°–ª–∞–≤–µ–π–∫–æ–≤ –∏ –ò—Ä–∏–Ω–∞ –†–∞–π–∫–æ–≤–∞ (–°–ª–∞–≤–µ–π–∫–æ–≤–∞) (–±–∞—â–∞ –∏ –º–∞–π–∫–∞ –Ω–∞ –ü–µ–Ω—á–æ –°–ª–∞–≤–µ–π–∫–æ–≤), –∫–∞—Ç–æ –Ω—è–∫–æ–π –æ—Ç –≤–∞—Å –ø–æ—Å–æ—á–∏ –∏–º–µ–Ω–∞—Ç–∞ –Ω–∞ –¥—è–¥–æ—Ç–æ –Ω–∞ –ò—Ä–∏–Ω–∞ –∏ –¥—è–¥–æ—Ç–æ –Ω–∞ –ü–µ—Ç–∫–æ.¬†",,,,,TRUE,,,,
TEAM1,39,"–ö–æ–ª–∫–æ –¥–µ—Ü–∞ –∏–º–∞—Ç –ü–µ—Ç–∫–æ –∏ –ò—Ä–∏–Ω–∞ –°–ª–∞–≤–µ–π–∫–æ–≤–∏? –í–∏–∂—Ç–µ —Ä–∞–∑–∫–ª–æ–Ω–µ–Ω–∏—è—Ç–∞, –∫–æ–∏—Ç–æ –∏–∑–ª–∏–∑–∞—Ç –æ—Ç –∏–º–µ—Ç–æ –≤—Å–µ–∫–∏ –æ—Ç –ü–µ—Ç–∫–æ –∏ –ò—Ä–∏–Ω–∞.¬†",9,,,,FALSE,,,,
TEAM1,40,"–ù–∞ –ø—ä—Ä–≤–∏—è –µ—Ç–∞–∂ –≤ –µ–∫—Å–ø–æ–∑–∏—Ü–∏—è—Ç–∞ —â–µ –æ—Ç–∫—Ä–∏–µ—Ç–µ —Ç–µ–∫—Å—Ç –Ω–∞ —Å—Ç–∏—Ö–æ—Ç–≤–æ—Ä–µ–Ω–∏–µ—Ç–æ –¢–∞—Ç–∫–æ–≤–∏–Ω–∞ –Ω–∞ –ü–µ—Ç–∫–æ –°–ª–∞–≤–µ–π–∫–æ–≤.¬†–ò–∑–ø–µ–π—Ç–µ –∑–∞–µ–¥–Ω–æ –ø—Ä–∏–ø–µ–≤–∞ (—Å—Ä–µ–¥–Ω–∏—è –∫—É–ø–ª–µ—Ç) –∏ –Ω–∞–ø—Ä–∞–≤–µ—Ç–µ –≤–∏–¥–µ–æ, –∫–æ–µ—Ç–æ –∏–∑–ø—Ä–∞—Ç–µ—Ç–µ.¬†–ê–∫–æ –Ω–µ –∑–Ω–∞–µ—Ç–µ –º–µ–ª–æ–¥–∏—è—Ç–∞, –º–æ–∂–µ—Ç–µ –¥–∞ —á—É–µ—Ç–µ audio-—Ç–æ —Ç—É–∫.",,,/static/audio/HubavaSiTatkovino.mp3,,TRUE,,,TRUE,2m
TEAM1,41,"–ù–∞ –ø—ä—Ä–≤–∏—è –µ—Ç–∞–∂ –≤ –µ–∫—Å–ø–æ–∑–∏—Ü–∏—è—Ç–∞ —â–µ –æ—Ç–∫—Ä–∏–µ—Ç–µ –∫–æ—è –µ –∂–µ–Ω–∞—Ç–∞ (–∏–º–µ –∏ —Ñ–∞–º–∏–ª–∏—è), –∑–∞ –∫–æ—è—Ç–æ –ü–µ–Ω—á–æ –°–ª–∞–≤–µ–π–∫–æ–≤ –ø–∏—à–µ —Å–ª–µ–¥–Ω–æ—Ç–æ —Å—Ç–∏—Ö–æ—Ç–≤–æ—Ä–µ–Ω–∏–µ:¬†‚Äú–†–æ–¥–µ–Ω–∏ –µ–¥–∏–Ω –∑–∞ –¥—Ä—É–≥, –∫–æ–ø–Ω–µ–ª–∏ –µ–¥–∏–Ω –∑–∞ –¥—Ä—É–≥, –Ω–∞—Å —Å–∏ —Å–¥—Ä—É–∂–∏ –∑–∞ —â–∞—Å—Ç–∏–µ –Ω–µ–≤–æ–ª—è—Ç–∞ –Ω–∞ —Å—ä—Ä—Ü–∞—Ç–∞‚Ä¶, –∑–∞ —â–∞—Å—Ç–∏–µ, –Ω–µ–ø–æ–Ω—è—Ç–Ω–æ –∑–∞ –Ω–∏–∑—à–∏—Ç–µ –¥—É—Ö–æ–º, –∑–∞ –≤–µ–Ω—á–∞–Ω–∏—Ç–µ –≤ —Ü—ä—Ä–∫–≤–∞, –∞ —Ä–∞–∑–≤–µ–Ω—á–∞–Ω–∏ –≤ –¥—É—à–∏—Ç–µ —Å–∏.‚Äù",–º–∞—Ä–∞ –±–µ–ª—á–µ–≤–∞,–©–µ –Ω–∞–º–µ—Ä–∏—Ç–µ —Å—Ç–∏—Ö–æ—Ç–≤–æ—Ä–µ–Ω–∏–µ—Ç–æ –∏ –∏–∑–æ–±—Ä–∞–∂–µ–Ω–∏—è—Ç–∞ –Ω–∞ –¥–≤–∞–º–∞—Ç–∞ –≤–ª—é–±–µ–Ω–∏ –≤ –µ–∫—Å–ø–æ–∑–∏—Ü–∏—è—Ç–∞.,,,FALSE,,,TRUE,2m
TEAM1,42,–ù–∞ –ø—ä—Ä–≤–∏—è –µ—Ç–∞–∂ –≤ –µ–∫—Å–ø–æ–∑–∏—Ü–∏—è—Ç–∞ —â–µ –æ—Ç–∫—Ä–∏–µ—Ç–µ –∏–Ω—Ñ–æ—Ä–º–∞—Ü–∏—è –∑–∞ –∫–∞–∫–≤–∞ –Ω–∞–≥—Ä–∞–¥–∞ –µ –Ω–æ–º–∏–Ω–∏—Ä–∞–Ω –ü–µ–Ω—á–æ –°–ª–∞–≤–µ–π–∫–æ–≤ –∑–∞ –ø—Ä–æ–∏–∑–≤–µ–¥–µ–Ω–∏–µ—Ç–æ —Å–∏ ‚Äú–ö—ä—Ä–≤–∞–≤–∞ –ø–µ—Å–µ–Ω‚Äù?¬†,–Ω–æ–±–µ–ª–æ–≤–∞|–Ω–æ–±–µ–ª–æ–≤–∞—Ç–∞|–Ω–æ–±–µ–ª–æ–≤–∞ –Ω–∞–≥—Ä–∞–¥–∞|–Ω–æ–±–µ–ª–æ–≤–∞—Ç–∞ –Ω–∞–≥—Ä–∞–¥–∞,–ò–º–∞ –≤—Ä—ä–∑–∫–∞ —Å –¥—É–º–∞—Ç–∞ –∑–∞ –±–ª–∞–≥–æ—Ä–æ–¥—Å—Ç–≤–æ –Ω–∞ –∞–Ω–≥–ª–∏–π—Å–∫–∏,,,FALSE,,,TRUE,2m
TEAM1,43,–ù–∞ –≤—Ç–æ—Ä–∏—è –µ—Ç–∞–∂ –≤ –∫—ä—â–∞—Ç–∞ –∫–∞–∫—ä–≤ –ø—Ä–µ–¥–º–µ—Ç –æ—Ç –¥–µ—Ç—Å—Ç–≤–æ—Ç–æ –Ω–∞ –ü–µ–Ω—á–æ –°–ª–∞–≤–µ–π–∫–æ–≤ –æ—Ç–∫—Ä–∏–≤–∞—Ç–µ?,–ª—é–ª–∫–∞|–±–µ–±–µ—à–∫–∞ –ª—é–ª–∫–∞|–¥–µ—Ç—Å–∫–∞ –ª—é–ª–∫–∞¬†,–û—Ç–≥–æ–≤–æ—Ä–µ—Ç–µ –Ω–∞ –≥–∞—Ç–∞–Ω–∫–∞—Ç–∞:¬†\n–î–∞ —Å–µ–¥–∏ –∏ –¥–∞ –ª–µ—Ç–∏ -\n–∑–∞ —Ç–æ–≤–∞ –º–µ—á—Ç–∞–µ –Æ–ª–∫–∞.\n–ê –ø—ä–∫ –¥–µ—Ç—Å–∫–∏—Ç–µ –º–µ—á—Ç–∏\n—Å–±—ä–¥–≤–∞ –ø—ä—Ä–≥–∞–≤–∞—Ç–∞ ‚Ä¶,,,FALSE,,,TRUE,2m
TEAM1,44,"–ò–∑–ª–µ–∑—Ç–µ –æ—Ç –∫—ä—â–∞—Ç–∞. \n–ù–∞–ø—Ä–∞–≤–µ—Ç–µ —Å–∏ –≤–∏–¥–µ–æ –Ω–∞ –ø–µ–π–∫–∞—Ç–∞ –ø—Ä–µ–¥ –°–ª–∞–≤–µ–π–∫–æ–≤–∞—Ç–∞ –∫—ä—â–∞, —Ä–∞–º–æ –¥–æ —Ä–∞–º–æ —Å—ä—Å —Å—Ç–∞—Ç—É—è—Ç–∞ –Ω–∞ –ü–µ–Ω—á–æ –°–ª–∞–≤–µ–π–∫–æ–≤. –ù–µ–∫–∞ –≤ —Ç–æ–≤–∞ –≤–∏–¥–µ–æ –≤—Å–µ–∫–∏ –ø–æ –æ—Ä–∏–≥–∏–Ω–∞–ª–µ–Ω –Ω–∞—á–∏–Ω –¥–∞ –ø—Ä–æ—á–µ—Ç–µ —Ä–µ–¥/ —Ä–µ–¥–æ–≤–µ –æ—Ç —Å—Ç–∏—Ö–æ—Ç–≤–æ—Ä–µ–Ω–∏–µ—Ç–æ, –∫–æ–µ—Ç–æ –ü–µ—Ç–∫–æ –°–ª–∞–≤–µ–π–∫–æ–≤ –ø–∏—à–µ –∑–∞ –º–∞–ª–∫–∏—è –ø–∞–ª–∞–≤ –ü–µ–Ω—á–æ. –ò–∑–ø—Ä–∞—Ç–µ—Ç–µ –Ω–∞–ø—Ä–∞–≤–µ–Ω–æ—Ç–æ –≤–∏–¥–µ–æ. \n\n–ú–∞–ª—ä–∫ –ü–µ–Ω—á–æ \n\n–ü–µ–Ω—á–æ –±—Ä–µ, —á–µ—Ç–∏! –ü–µ–Ω—á–æ –Ω–µ —á–µ—Ç–µ. \n–ü–µ–Ω—á–æ, —Ä–∞–±–æ—Ç–∏! –ü–µ–Ω—á–æ –ø–∞–∫ –Ω–µ —â–µ. \n\n–ü–µ–Ω—á–∞ –≥–æ –º—ä—Ä–∑–∏, –≥–ª–µ–¥–∞ –¥–∞ –ª–µ–∂–∏, \n—Ö–æ–¥–∏, —Ç–∞ —Å–µ –º–∞–π, —Ç—ä—Ä—Å–∏ –¥–∞ –∏–≥—Ä–∞–π. \n\n–í—Ä–µ–º–µ —Å–µ –º–∏–Ω–∞, –ü–µ–Ω—á–æ –ø–æ—Ä–∞—Å–Ω–∞, \n–∏—Å–∫–∞ –¥–∞ —è–¥–µ, –Ω—è–º–∞ –æ—Ç–∫—ä–¥–µ.",,,,,TRUE,,,,
TEAM1,45,–ü–æ —É–ª–∏—Ü–∞ –ü–µ—Ç–∫–æ –°–ª–∞–≤–µ–π–∫–æ–≤ –Ω–∞ –Ω–æ–º–µ—Ä 54 –∏–º–∞ –¥—é–∫—è–Ω –∑–∞ –ø—Ä–æ–∏–∑–≤–æ–¥—Å—Ç–≤–æ –Ω–∞ —Ü—ä—Ä–≤—É–ª–∏.¬†–ö–∞–∫ —Å–µ –∫–∞–∑–≤–∞ –º–∞–π—Å—Ç–æ—Ä—ä—Ç?,–ø–µ—Ç—ä—Ä|–º–∞–π—Å—Ç–æ—Ä –ø–µ—Ç—ä—Ä|–ø–µ—Ç—ä—Ä –º–∞–π—Å—Ç–æ—Ä,"–ò–º–∞–ª–∏ —Å–º–µ —Ü–∞—Ä —Å —Ç–æ–≤–∞ –∏–º–µ, –±—Ä–∞—Ç –Ω–∞ —Ü–∞—Ä –ê—Å–µ–Ω.",,,FALSE,,,TRUE,2m
TEAM1,46,"–ó–∞–±–µ–ª–µ–∂–∏—Ç–µ–ª–Ω–æ—Å—Ç—Ç–∞, –¥–æ –∫–æ—è—Ç–æ —Ç—Ä—è–±–≤–∞ –¥–∞ –æ—Ç–∏–¥–µ—Ç–µ –µ —á–µ—à–º–∞, –Ω–æ –Ω–µ –∫–∞–∫–≤–∞ –¥–∞ –µ, –∞ —Å–ø–µ—Ü–∏–∞–ª–Ω–∞ —á–µ—à–º–∞. –û—Ç–≥–æ–≤–æ—Ä—ä—Ç –Ω–∞ –≥–∞—Ç–∞–Ω–∫–∞—Ç–∞ —â–µ –≤–∏ –ø–æ–¥—Å–∫–∞–∂–µ –∫–∞–∫ –Ω–∞—Ä–∏—á–∞—Ç —Ç–∞–∑–∏ —á–µ—à–º–∞. \n\n""–ë–µ–∑ —Å–ª–∞–¥–∏–ª–æ –ø–æ–¥—Å–ª–∞–¥—è–≤–∞, \n–±–µ–∑ –≥–æ—Ä—á–∏–ª–æ –æ–≥–æ—Ä—á–∞–≤–∞,\n –ø–ª–∞—á –∏ —Ä–∞–¥–æ—Å—Ç –ø—Ä–µ–æ–±—Ä—ä—â–∞,\n –∫–∞—Ç–æ —Ç—Ä—ä–≥–Ω–µ —Å–µ –Ω–µ –≤—Ä—ä—â–∞.""\n\n–©–æ –µ —Ç–æ?",–ª—é–±–æ–≤–Ω–∞ —á–µ—à–º–∞|–ª—é–±–æ–≤–Ω–∞|–ª—é–±–æ–≤–Ω–∞—Ç–∞ —á–µ—à–º–∞|–ª—é–±–æ–≤–Ω–∞—Ç–∞,–î—É–º–∞—Ç–∞ –µ —à–∏—Ñ—Ä–æ–≤–∞–Ω–∞ –≤ —Ç–∞–±–ª–∏—Ü–∞—Ç–∞ –ø–æ-–≥–æ—Ä–µ —Å—ä—Å —Å–ª–µ–¥–Ω–∏—è —à–∏—Ñ—ä—Ä: 2.3;4.6;2.1;5.3;3.1;4.3;1.1,,/static/img/chessfromletter.png,FALSE,,,TRUE,2m
TEAM1,47,"–ï–¥–Ω–∞ –æ—Ç –Ω–∞–π-–∏–Ω—Ç–µ—Ä–µ—Å–Ω–∏—Ç–µ —Ç—Ä–µ–≤–Ω–µ–Ω—Å–∫–∏ –ª–µ–≥–µ–Ω–¥–∏ —Ä–∞–∑–∫–∞–∑–≤–∞ –∑–∞ –Ω–∞–π-–∫—Ä–∞—Å–∏–≤–∞—Ç–∞ —Ç—Ä–µ–≤–Ω–µ–Ω—Å–∫–∞ –¥–µ–≤–æ–π–∫–∞ –∏ –Ω–µ–π–Ω–∏—è –≤—ä–∑–ª—é–±–µ–Ω ‚Äì –º–ª–∞–¥ —Ä–µ–∑–±–∞—Ä, –∫–æ–π—Ç–æ –æ–±–∞—á–µ –Ω–µ –±–∏–ª –ø—Ä–∏–∑–Ω–∞—Ç –∑–∞ —Ç–∞–∫—ä–≤ –æ—Ç –º–µ—Å—Ç–Ω–∏—è –µ—Å–Ω–∞—Ñ. –¢–æ–≤–∞ –Ω–µ –º—É –¥–∞–≤–∞–ª–æ —Å–º–µ–ª–æ—Å—Ç –¥–∞ –ø–æ–∏—Å–∫–∞ —Ä—ä–∫–∞—Ç–∞ –Ω–∞ –∫—Ä–∞—Å–∞–≤–∏—Ü–∞—Ç–∞ –∏ –∑–∞—Ç–æ–≤–∞ —Ä–µ—à–∏–ª –¥–∞ —Å–µ –¥–æ–∫–∞–∂–µ, –∫–∞—Ç–æ —Å—ä—Ç–≤–æ—Ä–∏ —á–µ—à–º–∞ –æ—Ç –Ω–∞–π-—Å–ª–æ–∂–Ω–∏—è –º–∞—Ç–µ—Ä–∏–∞–ª –∑–∞ –æ–±—Ä–∞–±–æ—Ç–≤–∞–Ω–µ ‚Äì –º—Ä–∞–º–æ—Ä—ä—Ç.\n–°–ø–æ—Ä–µ–¥ –ª–µ–≥–µ–Ω–¥–∞—Ç–∞, —Ç–∞–∑–∏ —á–µ—à–º–∞ –Ω–∏–∫–æ–≥–∞ –Ω–µ –µ –ø—Ä–µ—Å—ä—Ö–≤–∞–ª–∞, –∞ –∫–æ–π—Ç–æ –æ—Ç–ø–∏–µ –æ—Ç –≤–æ–¥–∞—Ç–∞ –π, –æ—Ç–ø–∏–≤–∞¬†–≥–ª—ä—Ç–∫–∞ –æ—Ç –≤–µ—á–Ω–∞—Ç–∞ –ª—é–±–æ–≤ –Ω–∞ –¥–≤–∞–º–∞—Ç–∞ –≤–ª—é–±–µ–Ω–∏.\n–°–Ω–∏–º–∞–π—Ç–µ —Å–µ –∫–∞–∫ –≤—Å–µ–∫–∏ –æ—Ç–ø–∏–≤–∞ –≤–æ–¥–∞ –æ—Ç –ª—é–±–æ–≤–Ω–∞—Ç–∞ —á–µ—à–º–∞. –ü–æ–º–æ–ª–µ—Ç–µ –º–∏–Ω—É–≤–∞—á –¥–∞ –≤–∏ –∑–∞—Å–Ω–µ–º–µ.¬†",,,,,TRUE,,,,
TEAM1,48,"–° –º–Ω–æ–≥–æ —É—Å–∏–ª–∏—è –∏ –ø–æ—Ç, –º–æ–º—ä–∫—ä—Ç —Å–µ —Å–ø—Ä–∞–≤–∏–ª —Å—ä—Å –∑–∞–¥–∞—á–∞—Ç–∞ –∏ –∏–∑–≤–∞—è–ª –∫—Ä–∞—Å–∏–≤–∞ —á–µ—à–º–∞, —Å –∫–æ—è—Ç–æ –∑–∞–ø–µ—á–∞—Ç–∞–ª ‚Ä¶‚Ä¶‚Ä¶.. –í–µ—á–µ –º–æ–∂–µ–ª –∏ –ø–æ–∏—Å–∫–∞–ª —Ä—ä–∫–∞—Ç–∞ –π. –ö–∞–∫—ä–≤ —Å–∏–º–≤–æ–ª –Ω–∞ –≤–µ—á–Ω–∞—Ç–∞ –ª—é–±–æ–≤ –µ –∑–∞–ø–µ—á–∞—Ç–∞–ª –º–æ–º—ä–∫—ä—Ç –≤—ä—Ä—Ö—É —á–µ—à–º–∞—Ç–∞, –∑–∞ –¥–∞ –ø–æ–∏—Å–∫–∞ —Ä—ä–∫–∞—Ç–∞ –Ω–∞ –ª—é–±–∏–º–∞—Ç–∞ —Å–∏?",–æ–±—Ä–∞–∑—ä—Ç –Ω–∞ –¥–µ–≤–æ–π–∫–∞—Ç–∞|–æ–±—Ä–∞–∑–∞ –Ω–∞ –¥–µ–≤–æ–π–∫–∞—Ç–∞|–æ–±—Ä–∞–∑ –Ω–∞ –¥–µ–≤–æ–π–∫–∞,–°–∏–º–≤–æ–ª—ä—Ç –µ —à–∏—Ñ—Ä–æ–≤–∞–Ω —Ç—É–∫: 15217182719 141 5631510111191¬†,,,FALSE,,,TRUE,2m
